FullGeoName,Year,County,Activity,Reported human cases,Neuroinvasive disease cases,Identified by Blood Donor Screening
"AL, Baldwin",2006,01003,Human infections and non-human activity,1,1,0
"AL, Etowah",2006,01055,Non-human activity,0,0,0
"AL, Jackson",2006,01071,Human infections,1,1,0
"AL, Jefferson",2006,01073,Human infections,3,3,0
"AL, Lee",2006,01081,Non-human activity,0,0,0
"AL, Marshall",2006,01095,Non-human activity,0,0,0
"AL, Mobile",2006,01097,Human infections,3,3,0
"AL, Russell",2006,01113,Non-human activity,0,0,0
"AL, Sumter",2006,01119,Non-human activity,0,0,0
"AL, Wilcox",2006,01131,Non-human activity,0,0,0
"AZ, Apache",2006,04001,Human infections and non-human activity,1,0,0
"AZ, Cochise",2006,04003,Human infections and non-human activity,2,2,0
"AZ, Coconino",2006,04005,Human infections,1,1,0
"AZ, Gila",2006,04007,Human infections,1,0,0
"AZ, Graham",2006,04009,Non-human activity,0,0,0
"AZ, Greenlee",2006,04011,Non-human activity,0,0,0
"AZ, La Paz",2006,04012,Non-human activity,0,0,0
"AZ, Maricopa",2006,04013,Human infections and non-human activity,77,41,10
"AZ, Mohave",2006,04015,Human infections and non-human activity,2,0,0
"AZ, Pima",2006,04019,Human infections and non-human activity,47,17,3
"AZ, Pinal",2006,04021,Human infections and non-human activity,18,7,0
"AZ, Santa Cruz",2006,04023,Human infections and non-human activity,1,0,0
"AZ, Yuma",2006,04027,Non-human activity,0,0,0
"AR, Arkansas",2006,05001,Non-human activity,0,0,0
"AR, Ashley",2006,05003,Non-human activity,0,0,0
"AR, Baxter",2006,05005,Non-human activity,0,0,0
"AR, Benton",2006,05007,Non-human activity,0,0,0
"AR, Boone",2006,05009,Non-human activity,0,0,0
"AR, Bradley",2006,05011,Human infections,1,1,0
"AR, Carroll",2006,05015,Non-human activity,0,0,0
"AR, Clay",2006,05021,Human infections and non-human activity,1,1,0
"AR, Cleburne",2006,05023,Human infections and non-human activity,1,1,0
"AR, Conway",2006,05029,Non-human activity,0,0,0
"AR, Craighead",2006,05031,Non-human activity,0,0,0
"AR, Crittenden",2006,05035,Non-human activity,0,0,0
"AR, Dallas",2006,05039,Non-human activity,0,0,0
"AR, Drew",2006,05043,Human infections and non-human activity,1,1,0
"AR, Faulkner",2006,05045,Non-human activity,0,0,0
"AR, Franklin",2006,05047,Non-human activity,0,0,0
"AR, Fulton",2006,05049,Non-human activity,0,0,0
"AR, Garland",2006,05051,Non-human activity,0,0,0
"AR, Greene",2006,05055,Non-human activity,0,0,0
"AR, Hempstead",2006,05057,Human infections and non-human activity,1,1,0
"AR, Howard",2006,05061,Non-human activity,0,0,0
"AR, Independence",2006,05063,Non-human activity,0,0,0
"AR, Izard",2006,05065,Non-human activity,0,0,0
"AR, Jackson",2006,05067,Non-human activity,0,0,0
"AR, Jefferson",2006,05069,Human infections and non-human activity,5,5,0
"AR, Lafayette",2006,05073,Human infections,1,1,0
"AR, Lawrence",2006,05075,Human infections and non-human activity,1,1,0
"AR, Lee",2006,05077,Non-human activity,0,0,0
"AR, Little River",2006,05081,Non-human activity,0,0,0
"AR, Logan",2006,05083,Non-human activity,0,0,0
"AR, Lonoke",2006,05085,Human infections and non-human activity,1,0,0
"AR, Madison",2006,05087,Non-human activity,0,0,0
"AR, Marion",2006,05089,Non-human activity,0,0,0
"AR, Mississippi",2006,05093,Non-human activity,0,0,0
"AR, Monroe",2006,05095,Non-human activity,0,0,0
"AR, Nevada",2006,05099,Human infections,1,0,0
"AR, Perry",2006,05105,Non-human activity,0,0,0
"AR, Phillips",2006,05107,Human infections,1,1,0
"AR, Polk",2006,05113,Non-human activity,0,0,0
"AR, Pope",2006,05115,Non-human activity,0,0,0
"AR, Prairie",2006,05117,Non-human activity,0,0,0
"AR, Pulaski",2006,05119,Human infections and non-human activity,8,7,0
"AR, Randolph",2006,05121,Non-human activity,0,0,0
"AR, St Francis",2006,05123,Non-human activity,0,0,0
"AR, Saline",2006,05125,Human infections and non-human activity,1,0,1
"AR, Scott",2006,05127,Non-human activity,0,0,0
"AR, Searcy",2006,05129,Human infections,1,1,0
"AR, Sebastian",2006,05131,Human infections and non-human activity,2,2,0
"AR, Sevier",2006,05133,Non-human activity,0,0,0
"AR, Sharp",2006,05135,Non-human activity,0,0,0
"AR, Stone",2006,05137,Non-human activity,0,0,0
"AR, Union",2006,05139,Non-human activity,0,0,0
"AR, Van Buren",2006,05141,Non-human activity,0,0,0
"AR, Washington",2006,05143,Human infections and non-human activity,1,0,0
"AR, White",2006,05145,Non-human activity,0,0,0
"AR, Woodruff",2006,05147,Non-human activity,0,0,0
"AR, Yell",2006,05149,Human infections and non-human activity,1,1,0
"CA, Alameda",2006,06001,Human infections and non-human activity,1,0,0
"CA, Amador",2006,06005,Non-human activity,0,0,0
"CA, Butte",2006,06007,Human infections and non-human activity,31,4,1
"CA, Calaveras",2006,06009,Non-human activity,0,0,0
"CA, Colusa",2006,06011,Human infections and non-human activity,4,0,0
"CA, Contra Costa",2006,06013,Human infections and non-human activity,8,3,1
"CA, El Dorado",2006,06017,Human infections and non-human activity,2,0,0
"CA, Fresno",2006,06019,Human infections and non-human activity,11,2,0
"CA, Glenn",2006,06021,Human infections and non-human activity,12,0,0
"CA, Humboldt",2006,06023,Non-human activity,0,0,0
"CA, Imperial",2006,06025,Human infections and non-human activity,1,1,0
"CA, Inyo",2006,06027,Non-human activity,0,0,0
"CA, Kern",2006,06029,Human infections and non-human activity,49,19,2
"CA, Kings",2006,06031,Human infections and non-human activity,1,0,0
"CA, Lake",2006,06033,Human infections and non-human activity,2,1,0
"CA, Lassen",2006,06035,Non-human activity,0,0,0
"CA, Los Angeles",2006,06037,Human infections and non-human activity,13,5,0
"CA, Madera",2006,06039,Non-human activity,0,0,0
"CA, Marin",2006,06041,Human infections and non-human activity,1,0,1
"CA, Mariposa",2006,06043,Non-human activity,0,0,0
"CA, Mendocino",2006,06045,Non-human activity,0,0,0
"CA, Merced",2006,06047,Human infections and non-human activity,4,0,0
"CA, Modoc",2006,06049,Human infections and non-human activity,2,2,0
"CA, Mono",2006,06051,Human infections and non-human activity,1,1,0
"CA, Monterey",2006,06053,Non-human activity,0,0,0
"CA, Napa",2006,06055,Human infections and non-human activity,1,0,0
"CA, Nevada",2006,06057,Human infections and non-human activity,1,1,0
"CA, Orange",2006,06059,Human infections and non-human activity,6,4,0
"CA, Placer",2006,06061,Human infections and non-human activity,8,3,1
"CA, Riverside",2006,06065,Human infections and non-human activity,4,4,0
"CA, Sacramento",2006,06067,Human infections and non-human activity,15,5,1
"CA, San Benito",2006,06069,Non-human activity,0,0,0
"CA, San Bernardino",2006,06071,Human infections and non-human activity,3,1,0
"CA, San Diego",2006,06073,Human infections and non-human activity,1,1,0
"CA, San Francisco",2006,06075,Non-human activity,0,0,0
"CA, San Joaquin",2006,06077,Human infections and non-human activity,8,3,0
"CA, San Luis Obispo",2006,06079,Human infections and non-human activity,1,1,0
"CA, San Mateo",2006,06081,Non-human activity,0,0,0
"CA, Santa Barbara",2006,06083,Non-human activity,0,0,0
"CA, Santa Clara",2006,06085,Human infections and non-human activity,5,2,0
"CA, Santa Cruz",2006,06087,Non-human activity,0,0,0
"CA, Shasta",2006,06089,Human infections and non-human activity,4,2,0
"CA, Siskiyou",2006,06093,Non-human activity,0,0,0
"CA, Solano",2006,06095,Human infections and non-human activity,8,3,0
"CA, Sonoma",2006,06097,Non-human activity,0,0,0
"CA, Stanislaus",2006,06099,Human infections and non-human activity,11,1,0
"CA, Sutter",2006,06101,Human infections and non-human activity,12,2,5
"CA, Tehama",2006,06103,Human infections and non-human activity,6,1,0
"CA, Trinity",2006,06105,Non-human activity,0,0,0
"CA, Tulare",2006,06107,Human infections and non-human activity,6,2,1
"CA, Tuolumne",2006,06109,Non-human activity,0,0,0
"CA, Ventura",2006,06111,Human infections and non-human activity,3,2,0
"CA, Yolo",2006,06113,Human infections and non-human activity,27,3,2
"CA, Yuba",2006,06115,Human infections and non-human activity,5,2,0
"CO, Adams",2006,08001,Human infections and non-human activity,11,2,0
"CO, Alamosa",2006,08003,Non-human activity,0,0,0
"CO, Arapahoe",2006,08005,Human infections and non-human activity,2,1,1
"CO, Bent",2006,08011,Human infections and non-human activity,3,0,0
"CO, Boulder",2006,08013,Human infections and non-human activity,74,9,1
"CO, Broomfield",2006,08014,Human infections and non-human activity,6,2,0
"CO, Crowley",2006,08025,Human infections and non-human activity,2,1,0
"CO, Delta",2006,08029,Human infections and non-human activity,34,7,1
"CO, Denver",2006,08031,Human infections and non-human activity,5,0,1
"CO, Eagle",2006,08037,Human infections and non-human activity,1,1,0
"CO, Elbert",2006,08039,Human infections and non-human activity,2,1,0
"CO, El Paso",2006,08041,Human infections and non-human activity,5,0,0
"CO, Fremont",2006,08043,Human infections,1,0,0
"CO, Garfield",2006,08045,Human infections and non-human activity,2,0,0
"CO, Jefferson",2006,08059,Human infections and non-human activity,8,5,1
"CO, La Plata",2006,08067,Human infections and non-human activity,2,0,0
"CO, Larimer",2006,08069,Human infections and non-human activity,42,7,2
"CO, Las Animas",2006,08071,Non-human activity,0,0,0
"CO, Logan",2006,08075,Human infections,7,0,1
"CO, Mesa",2006,08077,Human infections and non-human activity,38,9,12
"CO, Montrose",2006,08085,Human infections and non-human activity,13,4,1
"CO, Morgan",2006,08087,Human infections and non-human activity,2,0,1
"CO, Otero",2006,08089,Human infections and non-human activity,3,0,0
"CO, Ouray",2006,08091,Non-human activity,0,0,0
"CO, Phillips",2006,08095,Human infections,1,0,0
"CO, Prowers",2006,08099,Human infections and non-human activity,5,1,0
"CO, Pueblo",2006,08101,Human infections and non-human activity,7,0,1
"CO, Weld",2006,08123,Human infections and non-human activity,68,16,5
"CO, Yuma",2006,08125,Human infections,1,0,0
"CT, Fairfield",2006,09001,Human infections and non-human activity,3,3,0
"CT, Hartford",2006,09003,Human infections and non-human activity,1,0,0
"CT, Middlesex",2006,09007,Non-human activity,0,0,0
"CT, New Haven",2006,09009,Human infections and non-human activity,5,4,0
"CT, New London",2006,09011,Non-human activity,0,0,0
"DE, Kent",2006,10001,Non-human activity,0,0,0
"DE, New Castle",2006,10003,Non-human activity,0,0,0
"DE, Sussex",2006,10005,Non-human activity,0,0,0
"DC, Washington",2006,11001,Human infections and non-human activity,2,0,0
"FL, Bay",2006,12005,Non-human activity,0,0,0
"FL, Duval",2006,12031,Non-human activity,0,0,0
"FL, Escambia",2006,12033,Human infections,2,2,0
"FL, Hillsborough",2006,12057,Non-human activity,0,0,0
"FL, Indian River",2006,12061,Non-human activity,0,0,0
"FL, Jackson",2006,12063,Non-human activity,0,0,0
"FL, Lee",2006,12071,Non-human activity,0,0,0
"FL, Manatee",2006,12081,Non-human activity,0,0,0
"FL, Nassau",2006,12089,Non-human activity,0,0,0
"FL, Orange",2006,12095,Non-human activity,0,0,0
"FL, Osceola",2006,12097,Non-human activity,0,0,0
"FL, Palm Beach",2006,12099,Human infections,1,1,0
"FL, Pasco",2006,12101,Non-human activity,0,0,0
"FL, Putnam",2006,12107,Non-human activity,0,0,0
"FL, St Johns",2006,12109,Non-human activity,0,0,0
"FL, Sarasota",2006,12115,Non-human activity,0,0,0
"FL, Volusia",2006,12127,Non-human activity,0,0,0
"FL, Walton",2006,12131,Non-human activity,0,0,0
"GA, Chatham",2006,13051,Human infections,1,0,0
"GA, Cobb",2006,13067,Human infections and non-human activity,1,0,0
"GA, De Kalb",2006,13089,Non-human activity,0,0,0
"GA, Dougherty",2006,13095,Human infections and non-human activity,3,2,0
"GA, Fulton",2006,13121,Human infections and non-human activity,2,0,1
"GA, Gwinnett",2006,13135,Non-human activity,0,0,0
"GA, Muscogee",2006,13215,Human infections and non-human activity,1,0,0
"GA, Spalding",2006,13255,Non-human activity,0,0,0
"GA, Ware",2006,13299,Non-human activity,0,0,0
"ID, Ada",2006,16001,Human infections and non-human activity,252,21,12
"ID, Adams",2006,16003,Human infections,9,0,0
"ID, Bannock",2006,16005,Human infections and non-human activity,23,5,3
"ID, Bear Lake",2006,16007,Non-human activity,0,0,0
"ID, Bingham",2006,16011,Human infections and non-human activity,145,23,6
"ID, Blaine",2006,16013,Human infections and non-human activity,10,1,0
"ID, Boise",2006,16015,Human infections and non-human activity,6,1,0
"ID, Bonneville",2006,16019,Human infections and non-human activity,32,2,2
"ID, Butte",2006,16023,Human infections and non-human activity,4,0,0
"ID, Camas",2006,16025,Human infections,2,1,0
"ID, Canyon",2006,16027,Human infections and non-human activity,180,28,3
"ID, Caribou",2006,16029,Non-human activity,0,0,0
"ID, Cassia",2006,16031,Human infections and non-human activity,4,2,0
"ID, Clark",2006,16033,Non-human activity,0,0,0
"ID, Clearwater",2006,16035,Human infections,1,0,0
"ID, Custer",2006,16037,Human infections and non-human activity,4,0,0
"ID, Elmore",2006,16039,Human infections and non-human activity,68,6,1
"ID, Franklin",2006,16041,Human infections and non-human activity,1,0,0
"ID, Fremont",2006,16043,Human infections and non-human activity,5,0,0
"ID, Gem",2006,16045,Human infections and non-human activity,15,2,0
"ID, Gooding",2006,16047,Human infections and non-human activity,45,4,4
"ID, Idaho",2006,16049,Human infections and non-human activity,3,0,0
"ID, Jefferson",2006,16051,Human infections and non-human activity,14,3,2
"ID, Jerome",2006,16053,Human infections and non-human activity,12,2,0
"ID, Kootenai",2006,16055,Human infections,1,1,0
"ID, Latah",2006,16057,Non-human activity,0,0,0
"ID, Lemhi",2006,16059,Human infections and non-human activity,2,0,0
"ID, Lincoln",2006,16063,Human infections and non-human activity,9,3,0
"ID, Madison",2006,16065,Human infections and non-human activity,7,3,0
"ID, Minidoka",2006,16067,Human infections and non-human activity,24,9,0
"ID, Oneida",2006,16071,Non-human activity,0,0,0
"ID, Owyhee",2006,16073,Human infections and non-human activity,32,5,0
"ID, Payette",2006,16075,Human infections and non-human activity,23,3,0
"ID, Power",2006,16077,Human infections and non-human activity,2,0,0
"ID, Teton",2006,16081,Non-human activity,0,0,0
"ID, Twin Falls",2006,16083,Human infections and non-human activity,38,10,3
"ID, Valley",2006,16085,Human infections and non-human activity,2,2,0
"ID, Washington",2006,16087,Human infections and non-human activity,21,2,0
"IL, Adams",2006,17001,Human infections and non-human activity,1,0,0
"IL, Bond",2006,17005,Human infections and non-human activity,1,1,0
"IL, Boone",2006,17007,Non-human activity,0,0,0
"IL, Brown",2006,17009,Human infections,1,1,0
"IL, Bureau",2006,17011,Non-human activity,0,0,0
"IL, Carroll",2006,17015,Non-human activity,0,0,0
"IL, Champaign",2006,17019,Non-human activity,0,0,0
"IL, Christian",2006,17021,Human infections and non-human activity,1,1,0
"IL, Clark",2006,17023,Non-human activity,0,0,0
"IL, Clay",2006,17025,Human infections,1,0,0
"IL, Clinton",2006,17027,Non-human activity,0,0,0
"IL, Coles",2006,17029,Non-human activity,0,0,0
"IL, Cook",2006,17031,Human infections and non-human activity,86,53,1
"IL, Crawford",2006,17033,Human infections and non-human activity,2,2,0
"IL, Cumberland",2006,17035,Non-human activity,0,0,0
"IL, De Kalb",2006,17037,Human infections and non-human activity,1,0,0
"IL, De Witt",2006,17039,Non-human activity,0,0,0
"IL, Douglas",2006,17041,Non-human activity,0,0,0
"IL, Du Page",2006,17043,Human infections and non-human activity,43,26,1
"IL, Effingham",2006,17049,Human infections and non-human activity,2,1,0
"IL, Ford",2006,17053,Human infections and non-human activity,1,1,0
"IL, Franklin",2006,17055,Human infections and non-human activity,2,1,0
"IL, Fulton",2006,17057,Non-human activity,0,0,0
"IL, Gallatin",2006,17059,Non-human activity,0,0,0
"IL, Grundy",2006,17063,Non-human activity,0,0,0
"IL, Hamilton",2006,17065,Non-human activity,0,0,0
"IL, Hancock",2006,17067,Non-human activity,0,0,0
"IL, Henderson",2006,17071,Non-human activity,0,0,0
"IL, Henry",2006,17073,Human infections and non-human activity,1,0,0
"IL, Iroquois",2006,17075,Non-human activity,0,0,0
"IL, Jackson",2006,17077,Non-human activity,0,0,0
"IL, Jasper",2006,17079,Non-human activity,0,0,0
"IL, Jefferson",2006,17081,Human infections,2,1,0
"IL, Jo Daviess",2006,17085,Human infections and non-human activity,1,1,0
"IL, Kane",2006,17089,Human infections and non-human activity,4,1,0
"IL, Kankakee",2006,17091,Human infections and non-human activity,1,1,0
"IL, Kendall",2006,17093,Human infections and non-human activity,2,1,0
"IL, Knox",2006,17095,Non-human activity,0,0,0
"IL, Lake",2006,17097,Human infections and non-human activity,11,7,0
"IL, La Salle",2006,17099,Human infections and non-human activity,1,0,0
"IL, Lawrence",2006,17101,Non-human activity,0,0,0
"IL, Lee",2006,17103,Non-human activity,0,0,0
"IL, Livingston",2006,17105,Non-human activity,0,0,0
"IL, Logan",2006,17107,Non-human activity,0,0,0
"IL, Mcdonough",2006,17109,Non-human activity,0,0,0
"IL, Mchenry",2006,17111,Human infections and non-human activity,6,2,0
"IL, Mclean",2006,17113,Human infections and non-human activity,3,3,0
"IL, Macon",2006,17115,Non-human activity,0,0,0
"IL, Macoupin",2006,17117,Human infections and non-human activity,2,1,0
"IL, Madison",2006,17119,Human infections and non-human activity,2,0,1
"IL, Marion",2006,17121,Human infections and non-human activity,1,1,0
"IL, Menard",2006,17129,Non-human activity,0,0,0
"IL, Monroe",2006,17133,Human infections,1,1,0
"IL, Montgomery",2006,17135,Non-human activity,0,0,0
"IL, Morgan",2006,17137,Human infections and non-human activity,1,0,0
"IL, Moultrie",2006,17139,Human infections and non-human activity,3,3,0
"IL, Ogle",2006,17141,Human infections and non-human activity,1,1,0
"IL, Peoria",2006,17143,Non-human activity,0,0,0
"IL, Perry",2006,17145,Non-human activity,0,0,0
"IL, Piatt",2006,17147,Non-human activity,0,0,0
"IL, Putnam",2006,17155,Non-human activity,0,0,0
"IL, Randolph",2006,17157,Non-human activity,0,0,0
"IL, Richland",2006,17159,Human infections and non-human activity,1,1,0
"IL, Rock Island",2006,17161,Human infections and non-human activity,1,1,0
"IL, St Clair",2006,17163,Human infections and non-human activity,2,2,0
"IL, Saline",2006,17165,Non-human activity,0,0,0
"IL, Sangamon",2006,17167,Human infections and non-human activity,3,0,0
"IL, Scott",2006,17171,Non-human activity,0,0,0
"IL, Stephenson",2006,17177,Human infections and non-human activity,1,1,0
"IL, Tazewell",2006,17179,Human infections and non-human activity,1,1,0
"IL, Union",2006,17181,Non-human activity,0,0,0
"IL, Vermilion",2006,17183,Human infections and non-human activity,1,1,0
"IL, Whiteside",2006,17195,Non-human activity,0,0,0
"IL, Will",2006,17197,Human infections and non-human activity,18,7,0
"IL, Williamson",2006,17199,Non-human activity,0,0,0
"IL, Winnebago",2006,17201,Non-human activity,0,0,0
"IL, Woodford",2006,17203,Human infections and non-human activity,2,2,0
"IN, Adams",2006,18001,Human infections and non-human activity,1,0,0
"IN, Allen",2006,18003,Human infections and non-human activity,11,4,4
"IN, Benton",2006,18007,Non-human activity,0,0,0
"IN, Blackford",2006,18009,Human infections and non-human activity,1,0,0
"IN, Boone",2006,18011,Non-human activity,0,0,0
"IN, Brown",2006,18013,Non-human activity,0,0,0
"IN, Carroll",2006,18015,Non-human activity,0,0,0
"IN, Clark",2006,18019,Non-human activity,0,0,0
"IN, Clinton",2006,18023,Human infections and non-human activity,1,0,0
"IN, Crawford",2006,18025,Non-human activity,0,0,0
"IN, Daviess",2006,18027,Non-human activity,0,0,0
"IN, Dearborn",2006,18029,Non-human activity,0,0,0
"IN, De Kalb",2006,18033,Human infections and non-human activity,0,0,1
"IN, Delaware",2006,18035,Non-human activity,0,0,0
"IN, Dubois",2006,18037,Human infections,1,0,0
"IN, Elkhart",2006,18039,Human infections and non-human activity,4,1,1
"IN, Fayette",2006,18041,Non-human activity,0,0,0
"IN, Floyd",2006,18043,Non-human activity,0,0,0
"IN, Fountain",2006,18045,Non-human activity,0,0,0
"IN, Fulton",2006,18049,Non-human activity,0,0,0
"IN, Gibson",2006,18051,Non-human activity,0,0,0
"IN, Grant",2006,18053,Non-human activity,0,0,0
"IN, Greene",2006,18055,Non-human activity,0,0,0
"IN, Hamilton",2006,18057,Non-human activity,0,0,0
"IN, Hancock",2006,18059,Non-human activity,0,0,0
"IN, Harrison",2006,18061,Non-human activity,0,0,0
"IN, Hendricks",2006,18063,Non-human activity,0,0,0
"IN, Howard",2006,18067,Human infections and non-human activity,0,0,1
"IN, Huntington",2006,18069,Non-human activity,0,0,0
"IN, Jackson",2006,18071,Human infections and non-human activity,1,1,0
"IN, Jefferson",2006,18077,Non-human activity,0,0,0
"IN, Jennings",2006,18079,Non-human activity,0,0,0
"IN, Johnson",2006,18081,Non-human activity,0,0,0
"IN, Knox",2006,18083,Non-human activity,0,0,0
"IN, Kosciusko",2006,18085,Human infections and non-human activity,1,0,1
"IN, La Grange",2006,18087,Human infections and non-human activity,2,0,0
"IN, Lake",2006,18089,Human infections and non-human activity,22,8,1
"IN, La Porte",2006,18091,Human infections and non-human activity,4,1,0
"IN, Lawrence",2006,18093,Non-human activity,0,0,0
"IN, Madison",2006,18095,Non-human activity,0,0,0
"IN, Marion",2006,18097,Human infections and non-human activity,5,4,1
"IN, Marshall",2006,18099,Non-human activity,0,0,0
"IN, Martin",2006,18101,Non-human activity,0,0,0
"IN, Miami",2006,18103,Non-human activity,0,0,0
"IN, Monroe",2006,18105,Non-human activity,0,0,0
"IN, Montgomery",2006,18107,Non-human activity,0,0,0
"IN, Morgan",2006,18109,Non-human activity,0,0,0
"IN, Newton",2006,18111,Non-human activity,0,0,0
"IN, Noble",2006,18113,Human infections and non-human activity,1,0,0
"IN, Orange",2006,18117,Non-human activity,0,0,0
"IN, Parke",2006,18121,Non-human activity,0,0,0
"IN, Pike",2006,18125,Non-human activity,0,0,0
"IN, Porter",2006,18127,Human infections and non-human activity,12,3,1
"IN, Posey",2006,18129,Non-human activity,0,0,0
"IN, Pulaski",2006,18131,Non-human activity,0,0,0
"IN, Putnam",2006,18133,Human infections,0,0,1
"IN, Randolph",2006,18135,Non-human activity,0,0,0
"IN, Ripley",2006,18137,Non-human activity,0,0,0
"IN, Rush",2006,18139,Non-human activity,0,0,0
"IN, St Joseph",2006,18141,Human infections and non-human activity,3,1,0
"IN, Scott",2006,18143,Non-human activity,0,0,0
"IN, Shelby",2006,18145,Non-human activity,0,0,0
"IN, Spencer",2006,18147,Non-human activity,0,0,0
"IN, Steuben",2006,18151,Human infections,1,0,0
"IN, Sullivan",2006,18153,Non-human activity,0,0,0
"IN, Tippecanoe",2006,18157,Non-human activity,0,0,0
"IN, Tipton",2006,18159,Human infections and non-human activity,1,1,0
"IN, Vanderburgh",2006,18163,Human infections and non-human activity,1,1,0
"IN, Vigo",2006,18167,Non-human activity,0,0,0
"IN, Wabash",2006,18169,Human infections,1,0,0
"IN, Warren",2006,18171,Non-human activity,0,0,0
"IN, Warrick",2006,18173,Non-human activity,0,0,0
"IN, Washington",2006,18175,Non-human activity,0,0,0
"IN, Wells",2006,18179,Non-human activity,0,0,0
"IN, White",2006,18181,Human infections and non-human activity,2,2,1
"IN, Whitley",2006,18183,Human infections and non-human activity,4,0,0
"IA, Adair",2006,19001,Human infections,1,0,0
"IA, Benton",2006,19011,Non-human activity,0,0,0
"IA, Black Hawk",2006,19013,Human infections and non-human activity,1,0,2
"IA, Bremer",2006,19017,Non-human activity,0,0,0
"IA, Buchanan",2006,19019,Non-human activity,0,0,0
"IA, Buena Vista",2006,19021,Non-human activity,0,0,0
"IA, Carroll",2006,19027,Human infections,1,0,0
"IA, Cass",2006,19029,Human infections,1,1,0
"IA, Cerro Gordo",2006,19033,Human infections and non-human activity,1,1,0
"IA, Chickasaw",2006,19037,Non-human activity,0,0,0
"IA, Clay",2006,19041,Non-human activity,0,0,0
"IA, Clinton",2006,19045,Human infections and non-human activity,0,0,2
"IA, Crawford",2006,19047,Non-human activity,0,0,0
"IA, Davis",2006,19051,Non-human activity,0,0,0
"IA, Delaware",2006,19055,Non-human activity,0,0,0
"IA, Dickinson",2006,19059,Human infections,2,1,0
"IA, Dubuque",2006,19061,Human infections and non-human activity,0,0,1
"IA, Emmet",2006,19063,Human infections,3,3,0
"IA, Franklin",2006,19069,Human infections,1,0,0
"IA, Grundy",2006,19075,Non-human activity,0,0,0
"IA, Hamilton",2006,19079,Non-human activity,0,0,0
"IA, Hardin",2006,19083,Human infections,1,1,0
"IA, Harrison",2006,19085,Human infections,1,1,0
"IA, Henry",2006,19087,Human infections,1,1,0
"IA, Jackson",2006,19097,Human infections and non-human activity,1,1,0
"IA, Johnson",2006,19103,Non-human activity,0,0,0
"IA, Keokuk",2006,19107,Human infections,0,0,1
"IA, Kossuth",2006,19109,Human infections,1,0,0
"IA, Lee",2006,19111,Human infections,1,1,0
"IA, Linn",2006,19113,Non-human activity,0,0,0
"IA, Lyon",2006,19119,Non-human activity,0,0,0
"IA, Marion",2006,19125,Human infections,2,0,0
"IA, Marshall",2006,19127,Human infections,1,1,0
"IA, Mitchell",2006,19131,Non-human activity,0,0,0
"IA, O Brien",2006,19141,Human infections,1,0,0
"IA, Osceola",2006,19143,Non-human activity,0,0,0
"IA, Plymouth",2006,19149,Human infections and non-human activity,3,1,0
"IA, Pocahontas",2006,19151,Non-human activity,0,0,0
"IA, Polk",2006,19153,Human infections and non-human activity,1,1,0
"IA, Pottawattamie",2006,19155,Human infections and non-human activity,3,2,0
"IA, Ringgold",2006,19159,Human infections and non-human activity,1,1,0
"IA, Sac",2006,19161,Non-human activity,0,0,0
"IA, Scott",2006,19163,Human infections and non-human activity,0,0,1
"IA, Shelby",2006,19165,Human infections,1,1,0
"IA, Sioux",2006,19167,Human infections and non-human activity,1,1,0
"IA, Story",2006,19169,Non-human activity,0,0,0
"IA, Wapello",2006,19179,Human infections,2,1,0
"IA, Warren",2006,19181,Non-human activity,0,0,0
"IA, Washington",2006,19183,Human infections and non-human activity,1,1,1
"IA, Winnebago",2006,19189,Human infections,0,0,1
"IA, Winneshiek",2006,19191,Non-human activity,0,0,0
"IA, Woodbury",2006,19193,Human infections and non-human activity,3,1,1
"KS, Barton",2006,20009,Human infections,1,0,2
"KS, Chase",2006,20017,Human infections,1,1,0
"KS, Cheyenne",2006,20023,Human infections,1,1,0
"KS, Decatur",2006,20039,Human infections,0,0,1
"KS, Dickinson",2006,20041,Human infections,1,1,0
"KS, Douglas",2006,20045,Human infections,1,0,0
"KS, Finney",2006,20055,Human infections and non-human activity,2,1,0
"KS, Gray",2006,20069,Human infections,1,1,0
"KS, Harvey",2006,20079,Human infections and non-human activity,3,2,0
"KS, Jewell",2006,20089,Non-human activity,0,0,0
"KS, Johnson",2006,20091,Human infections,4,3,1
"KS, Kiowa",2006,20097,Human infections,1,0,0
"KS, Lincoln",2006,20105,Human infections,1,0,0
"KS, Logan",2006,20109,Non-human activity,0,0,0
"KS, Mcpherson",2006,20113,Human infections,0,0,1
"KS, Marion",2006,20115,Human infections,0,0,1
"KS, Neosho",2006,20133,Human infections,1,1,0
"KS, Ness",2006,20135,Human infections,2,1,0
"KS, Ottawa",2006,20143,Non-human activity,0,0,0
"KS, Pawnee",2006,20145,Human infections,2,1,0
"KS, Pottawatomie",2006,20149,Non-human activity,0,0,0
"KS, Pratt",2006,20151,Human infections,1,0,0
"KS, Reno",2006,20155,Human infections and non-human activity,2,2,0
"KS, Riley",2006,20161,Non-human activity,0,0,0
"KS, Rooks",2006,20163,Human infections,1,0,0
"KS, Rush",2006,20165,Human infections,2,1,1
"KS, Sedgwick",2006,20173,Human infections,2,1,0
"KS, Seward",2006,20175,Human infections,0,0,1
"KS, Shawnee",2006,20177,Human infections,0,0,1
"KS, Stanton",2006,20187,Human infections,0,0,1
"KS, Thomas",2006,20193,Human infections,0,0,1
"KY, Adair",2006,21001,Non-human activity,0,0,0
"KY, Ballard",2006,21007,Non-human activity,0,0,0
"KY, Campbell",2006,21037,Human infections,0,0,1
"KY, Carlisle",2006,21039,Non-human activity,0,0,0
"KY, Christian",2006,21047,Human infections and non-human activity,3,3,0
"KY, Fayette",2006,21067,Human infections and non-human activity,0,0,1
"KY, Fulton",2006,21075,Non-human activity,0,0,0
"KY, Garrard",2006,21079,Non-human activity,0,0,0
"KY, Hardin",2006,21093,Non-human activity,0,0,0
"KY, Henderson",2006,21101,Non-human activity,0,0,0
"KY, Hickman",2006,21105,Non-human activity,0,0,0
"KY, Hopkins",2006,21107,Non-human activity,0,0,0
"KY, Jefferson",2006,21111,Human infections,1,1,0
"KY, Lincoln",2006,21137,Human infections and non-human activity,1,1,0
"KY, Mccracken",2006,21145,Non-human activity,0,0,0
"KY, Muhlenberg",2006,21177,Non-human activity,0,0,0
"KY, Nelson",2006,21179,Non-human activity,0,0,0
"KY, Oldham",2006,21185,Non-human activity,0,0,0
"KY, Scott",2006,21209,Human infections,0,0,1
"KY, Todd",2006,21219,Human infections and non-human activity,1,0,0
"KY, Webster",2006,21233,Non-human activity,0,0,0
"KY, Whitley",2006,21235,Human infections,0,0,1
"LA, Ascension Parish",2006,22005,Human infections and non-human activity,22,10,1
"LA, Assumption Parish",2006,22007,Human infections,1,1,0
"LA, Avoyelles Parish",2006,22009,Human infections,1,1,0
"LA, Bossier Parish",2006,22015,Human infections,4,2,1
"LA, Caddo Parish",2006,22017,Human infections,6,3,3
"LA, Calcasieu Parish",2006,22019,Human infections and non-human activity,9,5,3
"LA, Cameron Parish",2006,22023,Non-human activity,0,0,0
"LA, Catahoula Parish",2006,22025,Human infections,1,1,0
"LA, Concordia Parish",2006,22029,Human infections,1,1,0
"LA, De Soto Parish",2006,22031,Human infections,1,0,0
"LA, East Baton Rouge Parish",2006,22033,Human infections and non-human activity,15,5,1
"LA, Franklin Parish",2006,22041,Human infections,1,0,0
"LA, Grant Parish",2006,22043,Human infections,0,0,1
"LA, Jefferson Parish",2006,22051,Human infections,14,8,1
"LA, Lafayette Parish",2006,22055,Human infections,2,1,0
"LA, Lafourche Parish",2006,22057,Human infections,3,1,1
"LA, Lincoln Parish",2006,22061,Non-human activity,0,0,0
"LA, Livingston Parish",2006,22063,Human infections and non-human activity,5,1,0
"LA, Natchitoches Parish",2006,22069,Human infections,0,0,1
"LA, Orleans Parish",2006,22071,Human infections,17,12,0
"LA, Ouachita Parish",2006,22073,Human infections and non-human activity,5,3,0
"LA, Rapides Parish",2006,22079,Human infections,9,7,2
"LA, Richland Parish",2006,22083,Human infections,1,0,0
"LA, St Bernard Parish",2006,22087,Human infections and non-human activity,2,0,0
"LA, St Martin Parish",2006,22099,Non-human activity,0,0,0
"LA, St Mary Parish",2006,22101,Human infections,0,0,1
"LA, St Tammany Parish",2006,22103,Human infections and non-human activity,33,15,4
"LA, Tangipahoa Parish",2006,22105,Human infections and non-human activity,14,6,1
"LA, Terrebonne Parish",2006,22109,Non-human activity,0,0,0
"LA, Union Parish",2006,22111,Human infections,1,0,1
"LA, Vermilion Parish",2006,22113,Human infections and non-human activity,1,1,0
"LA, Vernon Parish",2006,22115,Human infections,1,1,0
"LA, Washington Parish",2006,22117,Human infections,6,4,1
"LA, Webster Parish",2006,22119,Human infections and non-human activity,2,1,0
"LA, West Baton Rouge Parish",2006,22121,Human infections,2,1,0
"LA, West Feliciana Parish",2006,22125,Non-human activity,0,0,0
"ME, Androscoggin",2006,23001,Non-human activity,0,0,0
"ME, Cumberland",2006,23005,Non-human activity,0,0,0
"ME, Penobscot",2006,23019,Non-human activity,0,0,0
"ME, Waldo",2006,23027,Non-human activity,0,0,0
"ME, York",2006,23031,Non-human activity,0,0,0
"MD, Baltimore",2006,24005,Human infections,3,3,0
"MD, Frederick",2006,24021,Non-human activity,0,0,0
"MD, Howard",2006,24027,Human infections,1,0,1
"MD, Montgomery",2006,24031,Non-human activity,0,0,0
"MD, Prince Georges",2006,24033,Human infections and non-human activity,1,1,0
"MD, Baltimore City",2006,24510,Human infections,6,6,0
"MA, Barnstable",2006,25001,Non-human activity,0,0,0
"MA, Bristol",2006,25005,Non-human activity,0,0,0
"MA, Essex",2006,25009,Non-human activity,0,0,0
"MA, Hampden",2006,25013,Non-human activity,0,0,0
"MA, Middlesex",2006,25017,Human infections and non-human activity,2,1,0
"MA, Norfolk",2006,25021,Non-human activity,0,0,0
"MA, Plymouth",2006,25023,Non-human activity,0,0,0
"MA, Suffolk",2006,25025,Non-human activity,0,0,0
"MA, Worcester",2006,25027,Human infections and non-human activity,1,1,0
"MI, Alcona",2006,26001,Non-human activity,0,0,0
"MI, Alger",2006,26003,Non-human activity,0,0,0
"MI, Allegan",2006,26005,Non-human activity,0,0,0
"MI, Alpena",2006,26007,Non-human activity,0,0,0
"MI, Antrim",2006,26009,Human infections and non-human activity,1,0,1
"MI, Barry",2006,26015,Human infections and non-human activity,1,1,0
"MI, Bay",2006,26017,Non-human activity,0,0,0
"MI, Benzie",2006,26019,Non-human activity,0,0,0
"MI, Berrien",2006,26021,Human infections and non-human activity,2,2,0
"MI, Calhoun",2006,26025,Non-human activity,0,0,0
"MI, Cass",2006,26027,Non-human activity,0,0,0
"MI, Charlevoix",2006,26029,Non-human activity,0,0,0
"MI, Chippewa",2006,26033,Non-human activity,0,0,0
"MI, Clinton",2006,26037,Human infections and non-human activity,2,1,0
"MI, Crawford",2006,26039,Non-human activity,0,0,0
"MI, Delta",2006,26041,Non-human activity,0,0,0
"MI, Genesee",2006,26049,Human infections and non-human activity,3,3,0
"MI, Gladwin",2006,26051,Non-human activity,0,0,0
"MI, Grand Traverse",2006,26055,Non-human activity,0,0,0
"MI, Gratiot",2006,26057,Non-human activity,0,0,0
"MI, Hillsdale",2006,26059,Human infections and non-human activity,1,1,0
"MI, Houghton",2006,26061,Non-human activity,0,0,0
"MI, Huron",2006,26063,Non-human activity,0,0,0
"MI, Ingham",2006,26065,Human infections and non-human activity,1,1,0
"MI, Ionia",2006,26067,Non-human activity,0,0,0
"MI, Iosco",2006,26069,Non-human activity,0,0,0
"MI, Iron",2006,26071,Non-human activity,0,0,0
"MI, Isabella",2006,26073,Non-human activity,0,0,0
"MI, Kalamazoo",2006,26077,Non-human activity,0,0,0
"MI, Kalkaska",2006,26079,Non-human activity,0,0,0
"MI, Kent",2006,26081,Human infections and non-human activity,13,12,0
"MI, Lake",2006,26085,Non-human activity,0,0,0
"MI, Leelanau",2006,26089,Non-human activity,0,0,0
"MI, Lenawee",2006,26091,Non-human activity,0,0,0
"MI, Livingston",2006,26093,Human infections and non-human activity,1,1,0
"MI, Luce",2006,26095,Non-human activity,0,0,0
"MI, Macomb",2006,26099,Human infections,2,1,0
"MI, Manistee",2006,26101,Non-human activity,0,0,0
"MI, Marquette",2006,26103,Non-human activity,0,0,0
"MI, Mason",2006,26105,Human infections and non-human activity,1,0,0
"MI, Mecosta",2006,26107,Non-human activity,0,0,0
"MI, Midland",2006,26111,Non-human activity,0,0,0
"MI, Missaukee",2006,26113,Non-human activity,0,0,0
"MI, Monroe",2006,26115,Human infections,1,0,0
"MI, Montcalm",2006,26117,Non-human activity,0,0,0
"MI, Montmorency",2006,26119,Non-human activity,0,0,0
"MI, Muskegon",2006,26121,Human infections and non-human activity,3,2,0
"MI, Newaygo",2006,26123,Non-human activity,0,0,0
"MI, Oakland",2006,26125,Human infections and non-human activity,4,2,1
"MI, Oceana",2006,26127,Non-human activity,0,0,0
"MI, Ogemaw",2006,26129,Non-human activity,0,0,0
"MI, Ontonagon",2006,26131,Non-human activity,0,0,0
"MI, Oscoda",2006,26135,Non-human activity,0,0,0
"MI, Otsego",2006,26137,Non-human activity,0,0,0
"MI, Ottawa",2006,26139,Human infections and non-human activity,2,1,0
"MI, Roscommon",2006,26143,Non-human activity,0,0,0
"MI, Saginaw",2006,26145,Non-human activity,0,0,0
"MI, St Joseph",2006,26149,Human infections and non-human activity,1,0,0
"MI, Shiawassee",2006,26155,Non-human activity,0,0,0
"MI, Tuscola",2006,26157,Non-human activity,0,0,0
"MI, Van Buren",2006,26159,Non-human activity,0,0,0
"MI, Washtenaw",2006,26161,Human infections and non-human activity,1,0,1
"MI, Wayne",2006,26163,Human infections and non-human activity,15,15,0
"MI, Wexford",2006,26165,Non-human activity,0,0,0
"MN, Anoka",2006,27003,Human infections and non-human activity,2,2,0
"MN, Becker",2006,27005,Human infections,1,0,0
"MN, Beltrami",2006,27007,Non-human activity,0,0,0
"MN, Big Stone",2006,27011,Human infections,1,1,0
"MN, Blue Earth",2006,27013,Human infections and non-human activity,1,1,0
"MN, Brown",2006,27015,Human infections,2,0,0
"MN, Carver",2006,27019,Human infections and non-human activity,1,1,0
"MN, Chippewa",2006,27023,Human infections,1,0,0
"MN, Chisago",2006,27025,Human infections and non-human activity,2,2,0
"MN, Clay",2006,27027,Human infections,3,2,0
"MN, Clearwater",2006,27029,Non-human activity,0,0,0
"MN, Cottonwood",2006,27033,Human infections,2,1,0
"MN, Dakota",2006,27037,Human infections and non-human activity,2,0,0
"MN, Douglas",2006,27041,Human infections,1,0,0
"MN, Goodhue",2006,27049,Non-human activity,0,0,0
"MN, Grant",2006,27051,Human infections and non-human activity,1,0,0
"MN, Hennepin",2006,27053,Human infections and non-human activity,4,3,1
"MN, Hubbard",2006,27057,Human infections,1,1,0
"MN, Isanti",2006,27059,Human infections and non-human activity,1,0,0
"MN, Jackson",2006,27063,Human infections,1,0,1
"MN, Kanabec",2006,27065,Non-human activity,0,0,0
"MN, Kandiyohi",2006,27067,Human infections,1,0,0
"MN, Lac Qui Parle",2006,27073,Human infections,3,2,0
"MN, Lincoln",2006,27081,Human infections,3,1,0
"MN, Lyon",2006,27083,Human infections,1,0,0
"MN, Martin",2006,27091,Human infections,1,1,0
"MN, Meeker",2006,27093,Human infections and non-human activity,1,1,0
"MN, Mille Lacs",2006,27095,Human infections,1,1,0
"MN, Mower",2006,27099,Non-human activity,0,0,0
"MN, Murray",2006,27101,Human infections and non-human activity,2,0,1
"MN, Nicollet",2006,27103,Non-human activity,0,0,0
"MN, Otter Tail",2006,27111,Human infections and non-human activity,3,1,0
"MN, Pennington",2006,27113,Non-human activity,0,0,0
"MN, Pine",2006,27115,Non-human activity,0,0,0
"MN, Polk",2006,27119,Human infections and non-human activity,1,1,0
"MN, Ramsey",2006,27123,Human infections and non-human activity,5,2,0
"MN, Redwood",2006,27127,Human infections and non-human activity,2,1,1
"MN, Rice",2006,27131,Non-human activity,0,0,0
"MN, Roseau",2006,27135,Human infections,1,0,0
"MN, St Louis",2006,27137,Non-human activity,0,0,0
"MN, Scott",2006,27139,Non-human activity,0,0,0
"MN, Sherburne",2006,27141,Human infections,1,1,0
"MN, Stearns",2006,27145,Human infections,2,1,1
"MN, Stevens",2006,27149,Human infections,2,1,0
"MN, Swift",2006,27151,Human infections,1,0,0
"MN, Traverse",2006,27155,Human infections,3,1,0
"MN, Wabasha",2006,27157,Non-human activity,0,0,0
"MN, Wadena",2006,27159,Non-human activity,0,0,0
"MN, Washington",2006,27163,Human infections and non-human activity,1,1,0
"MN, Wilkin",2006,27167,Human infections,1,0,0
"MN, Wright",2006,27171,Human infections,1,1,0
"MN, Yellow Medicine",2006,27173,Human infections,1,0,0
"MS, Adams",2006,28001,Human infections and non-human activity,3,2,1
"MS, Alcorn",2006,28003,Human infections and non-human activity,2,2,0
"MS, Attala",2006,28007,Human infections,2,1,0
"MS, Bolivar",2006,28011,Human infections and non-human activity,3,1,0
"MS, Claiborne",2006,28021,Non-human activity,0,0,0
"MS, Clay",2006,28025,Human infections,1,0,1
"MS, Copiah",2006,28029,Human infections,5,3,0
"MS, Covington",2006,28031,Human infections,1,0,0
"MS, De Soto",2006,28033,Human infections and non-human activity,4,1,0
"MS, Forrest",2006,28035,Human infections and non-human activity,29,18,1
"MS, Grenada",2006,28043,Human infections,1,1,0
"MS, Hancock",2006,28045,Human infections and non-human activity,1,0,0
"MS, Harrison",2006,28047,Human infections and non-human activity,12,7,0
"MS, Hinds",2006,28049,Human infections and non-human activity,20,9,2
"MS, Humphreys",2006,28053,Non-human activity,0,0,0
"MS, Jackson",2006,28059,Human infections,1,0,0
"MS, Jasper",2006,28061,Human infections and non-human activity,1,0,0
"MS, Jefferson Davis",2006,28065,Human infections,1,0,0
"MS, Jones",2006,28067,Human infections,5,4,0
"MS, Kemper",2006,28069,Non-human activity,0,0,0
"MS, Lamar",2006,28073,Human infections and non-human activity,8,5,0
"MS, Lauderdale",2006,28075,Human infections and non-human activity,7,4,0
"MS, Lawrence",2006,28077,Non-human activity,0,0,0
"MS, Leake",2006,28079,Human infections and non-human activity,1,1,0
"MS, Leflore",2006,28083,Human infections,1,1,0
"MS, Lincoln",2006,28085,Human infections and non-human activity,2,0,1
"MS, Lowndes",2006,28087,Human infections,5,2,0
"MS, Madison",2006,28089,Human infections and non-human activity,8,2,1
"MS, Marion",2006,28091,Human infections and non-human activity,7,2,0
"MS, Monroe",2006,28095,Human infections,1,0,0
"MS, Neshoba",2006,28099,Non-human activity,0,0,0
"MS, Newton",2006,28101,Human infections and non-human activity,1,0,0
"MS, Panola",2006,28107,Human infections,1,0,1
"MS, Pearl River",2006,28109,Human infections and non-human activity,1,1,0
"MS, Perry",2006,28111,Human infections,1,0,0
"MS, Pike",2006,28113,Human infections and non-human activity,5,2,0
"MS, Pontotoc",2006,28115,Non-human activity,0,0,0
"MS, Rankin",2006,28121,Human infections and non-human activity,18,9,1
"MS, Scott",2006,28123,Human infections,2,1,0
"MS, Simpson",2006,28127,Human infections,1,0,0
"MS, Smith",2006,28129,Non-human activity,0,0,0
"MS, Stone",2006,28131,Human infections,1,1,0
"MS, Sunflower",2006,28133,Human infections and non-human activity,2,0,0
"MS, Tallahatchie",2006,28135,Human infections and non-human activity,2,2,0
"MS, Tate",2006,28137,Non-human activity,0,0,0
"MS, Walthall",2006,28147,Human infections and non-human activity,2,2,0
"MS, Warren",2006,28149,Human infections and non-human activity,4,1,0
"MS, Washington",2006,28151,Human infections and non-human activity,2,1,0
"MS, Wayne",2006,28153,Human infections,8,3,1
"MS, Webster",2006,28155,Non-human activity,0,0,0
"MS, Winston",2006,28159,Non-human activity,0,0,0
"MS, Yazoo",2006,28163,Non-human activity,0,0,0
"MO, Adair",2006,29001,Non-human activity,0,0,0
"MO, Audrain",2006,29007,Human infections,1,1,0
"MO, Barry",2006,29009,Non-human activity,0,0,0
"MO, Barton",2006,29011,Human infections,1,1,0
"MO, Bollinger",2006,29017,Non-human activity,0,0,0
"MO, Boone",2006,29019,Human infections and non-human activity,4,2,1
"MO, Buchanan",2006,29021,Human infections and non-human activity,2,1,0
"MO, Callaway",2006,29027,Non-human activity,0,0,0
"MO, Cape Girardeau",2006,29031,Non-human activity,0,0,0
"MO, Cass",2006,29037,Human infections,1,0,0
"MO, Christian",2006,29043,Human infections and non-human activity,1,1,0
"MO, Clay",2006,29047,Human infections and non-human activity,1,0,0
"MO, Cole",2006,29051,Non-human activity,0,0,0
"MO, Crawford",2006,29055,Non-human activity,0,0,0
"MO, Dallas",2006,29059,Non-human activity,0,0,0
"MO, Daviess",2006,29061,Human infections,1,1,0
"MO, Dent",2006,29065,Non-human activity,0,0,0
"MO, Douglas",2006,29067,Non-human activity,0,0,0
"MO, Dunklin",2006,29069,Non-human activity,0,0,0
"MO, Franklin",2006,29071,Human infections and non-human activity,1,1,0
"MO, Gasconade",2006,29073,Non-human activity,0,0,0
"MO, Greene",2006,29077,Human infections and non-human activity,1,1,0
"MO, Henry",2006,29083,Non-human activity,0,0,0
"MO, Howell",2006,29091,Human infections and non-human activity,1,1,0
"MO, Iron",2006,29093,Non-human activity,0,0,0
"MO, Jackson",2006,29095,Human infections and non-human activity,8,8,2
"MO, Jasper",2006,29097,Human infections and non-human activity,2,2,0
"MO, Jefferson",2006,29099,Human infections and non-human activity,2,2,1
"MO, Johnson",2006,29101,Non-human activity,0,0,0
"MO, Laclede",2006,29105,Human infections and non-human activity,1,0,0
"MO, Lawrence",2006,29109,Human infections,1,1,0
"MO, Lewis",2006,29111,Non-human activity,0,0,0
"MO, Lincoln",2006,29113,Non-human activity,0,0,0
"MO, Mcdonald",2006,29119,Non-human activity,0,0,0
"MO, Marion",2006,29127,Non-human activity,0,0,0
"MO, Miller",2006,29131,Non-human activity,0,0,0
"MO, Moniteau",2006,29135,Non-human activity,0,0,0
"MO, Morgan",2006,29141,Non-human activity,0,0,0
"MO, Newton",2006,29145,Non-human activity,0,0,0
"MO, Nodaway",2006,29147,Non-human activity,0,0,0
"MO, Oregon",2006,29149,Non-human activity,0,0,0
"MO, Ozark",2006,29153,Non-human activity,0,0,0
"MO, Perry",2006,29157,Non-human activity,0,0,0
"MO, Phelps",2006,29161,Non-human activity,0,0,0
"MO, Pike",2006,29163,Human infections and non-human activity,1,1,0
"MO, Polk",2006,29167,Non-human activity,0,0,0
"MO, Pulaski",2006,29169,Human infections and non-human activity,1,1,0
"MO, Ralls",2006,29173,Non-human activity,0,0,0
"MO, Reynolds",2006,29179,Non-human activity,0,0,0
"MO, Ripley",2006,29181,Non-human activity,0,0,0
"MO, St Charles",2006,29183,Human infections and non-human activity,1,1,0
"MO, Ste. Genevieve",2006,29186,Non-human activity,0,0,0
"MO, St Francois",2006,29187,Non-human activity,0,0,0
"MO, St Louis",2006,29189,Human infections and non-human activity,13,10,0
"MO, Saline",2006,29195,Human infections,1,1,0
"MO, Scott",2006,29201,Human infections,1,0,0
"MO, Shannon",2006,29203,Non-human activity,0,0,0
"MO, Stone",2006,29209,Non-human activity,0,0,0
"MO, Taney",2006,29213,Non-human activity,0,0,0
"MO, Texas",2006,29215,Human infections and non-human activity,1,1,0
"MO, Vernon",2006,29217,Non-human activity,0,0,0
"MO, Washington",2006,29221,Non-human activity,0,0,0
"MO, Webster",2006,29225,Human infections and non-human activity,1,1,0
"MO, Wright",2006,29229,Human infections and non-human activity,1,1,0
"MO, St Louis City",2006,29510,Human infections and non-human activity,12,11,0
"MT, Big Horn",2006,30003,Human infections,1,1,0
"MT, Blaine",2006,30005,Non-human activity,0,0,0
"MT, Carbon",2006,30009,Human infections,0,0,1
"MT, Cascade",2006,30013,Human infections and non-human activity,5,2,3
"MT, Custer",2006,30017,Human infections,1,0,0
"MT, Dawson",2006,30021,Human infections,2,1,0
"MT, Flathead",2006,30029,Human infections and non-human activity,2,1,0
"MT, Gallatin",2006,30031,Human infections,3,1,0
"MT, Glacier",2006,30035,Non-human activity,0,0,0
"MT, Lake",2006,30047,Non-human activity,0,0,0
"MT, Lewis And Clark",2006,30049,Non-human activity,0,0,0
"MT, Madison",2006,30057,Human infections,1,0,0
"MT, Missoula",2006,30063,Human infections and non-human activity,2,1,0
"MT, Phillips",2006,30071,Non-human activity,0,0,0
"MT, Pondera",2006,30073,Human infections and non-human activity,1,1,0
"MT, Ravalli",2006,30081,Human infections and non-human activity,1,0,0
"MT, Roosevelt",2006,30085,Human infections,1,0,0
"MT, Rosebud",2006,30087,Human infections and non-human activity,1,0,0
"MT, Sanders",2006,30089,Human infections,1,0,0
"MT, Stillwater",2006,30095,Human infections,4,1,0
"MT, Yellowstone",2006,30111,Human infections and non-human activity,8,3,0
"NE, Adams",2006,31001,Human infections and non-human activity,9,1,2
"NE, Antelope",2006,31003,Human infections,0,0,3
"NE, Boone",2006,31011,Human infections,2,1,0
"NE, Brown",2006,31017,Human infections,5,0,0
"NE, Buffalo",2006,31019,Human infections and non-human activity,28,3,2
"NE, Burt",2006,31021,Non-human activity,0,0,0
"NE, Butler",2006,31023,Human infections and non-human activity,1,0,2
"NE, Chase",2006,31029,Human infections and non-human activity,3,1,0
"NE, Cherry",2006,31031,Non-human activity,0,0,0
"NE, Cheyenne",2006,31033,Non-human activity,0,0,0
"NE, Clay",2006,31035,Human infections and non-human activity,4,0,1
"NE, Colfax",2006,31037,Human infections,2,1,0
"NE, Cuming",2006,31039,Human infections,4,0,0
"NE, Custer",2006,31041,Human infections and non-human activity,2,0,1
"NE, Dawes",2006,31045,Non-human activity,0,0,0
"NE, Dawson",2006,31047,Human infections and non-human activity,9,1,3
"NE, Dixon",2006,31051,Human infections,1,1,0
"NE, Dodge",2006,31053,Human infections and non-human activity,7,1,0
"NE, Douglas",2006,31055,Human infections and non-human activity,24,7,8
"NE, Fillmore",2006,31059,Human infections and non-human activity,2,0,0
"NE, Franklin",2006,31061,Human infections,1,0,0
"NE, Frontier",2006,31063,Human infections,1,0,1
"NE, Furnas",2006,31065,Human infections,3,1,0
"NE, Gage",2006,31067,Human infections and non-human activity,3,1,1
"NE, Garden",2006,31069,Non-human activity,0,0,0
"NE, Garfield",2006,31071,Human infections and non-human activity,1,0,0
"NE, Gosper",2006,31073,Human infections,1,0,0
"NE, Hall",2006,31079,Human infections and non-human activity,12,3,2
"NE, Hamilton",2006,31081,Human infections and non-human activity,8,1,0
"NE, Harlan",2006,31083,Human infections,2,1,0
"NE, Hitchcock",2006,31087,Human infections,1,1,0
"NE, Holt",2006,31089,Human infections and non-human activity,5,0,1
"NE, Howard",2006,31093,Human infections,2,1,0
"NE, Jefferson",2006,31095,Non-human activity,0,0,0
"NE, Kearney",2006,31099,Human infections and non-human activity,7,1,1
"NE, Keith",2006,31101,Human infections and non-human activity,5,0,0
"NE, Lancaster",2006,31109,Human infections and non-human activity,15,2,5
"NE, Lincoln",2006,31111,Human infections and non-human activity,17,4,1
"NE, Madison",2006,31119,Human infections and non-human activity,6,2,0
"NE, Merrick",2006,31121,Human infections,2,1,2
"NE, Morrill",2006,31123,Human infections,4,2,0
"NE, Nance",2006,31125,Human infections,1,0,1
"NE, Nemaha",2006,31127,Non-human activity,0,0,0
"NE, Nuckolls",2006,31129,Human infections,1,0,0
"NE, Otoe",2006,31131,Non-human activity,0,0,0
"NE, Perkins",2006,31135,Human infections,2,0,0
"NE, Phelps",2006,31137,Human infections and non-human activity,8,1,1
"NE, Platte",2006,31141,Human infections,9,1,3
"NE, Polk",2006,31143,Human infections and non-human activity,2,1,0
"NE, Red Willow",2006,31145,Human infections and non-human activity,2,0,0
"NE, Richardson",2006,31147,Non-human activity,0,0,0
"NE, Saline",2006,31151,Human infections and non-human activity,7,0,0
"NE, Sarpy",2006,31153,Human infections and non-human activity,2,0,2
"NE, Saunders",2006,31155,Human infections and non-human activity,3,1,0
"NE, Scotts Bluff",2006,31157,Human infections and non-human activity,16,1,1
"NE, Seward",2006,31159,Human infections and non-human activity,2,0,0
"NE, Sheridan",2006,31161,Human infections and non-human activity,1,1,0
"NE, Sherman",2006,31163,Human infections,1,0,0
"NE, Sioux",2006,31165,Non-human activity,0,0,0
"NE, Stanton",2006,31167,Non-human activity,0,0,0
"NE, Thayer",2006,31169,Human infections,2,0,0
"NE, Valley",2006,31175,Human infections and non-human activity,1,0,0
"NE, Wayne",2006,31179,Human infections and non-human activity,1,0,0
"NE, Webster",2006,31181,Non-human activity,0,0,0
"NE, York",2006,31185,Human infections and non-human activity,4,1,2
"NV, Churchill",2006,32001,Human infections and non-human activity,12,2,0
"NV, Clark",2006,32003,Human infections and non-human activity,3,2,0
"NV, Douglas",2006,32005,Human infections and non-human activity,18,5,0
"NV, Elko",2006,32007,Human infections and non-human activity,23,4,0
"NV, Eureka",2006,32011,Non-human activity,0,0,0
"NV, Humboldt",2006,32013,Human infections and non-human activity,14,7,0
"NV, Lander",2006,32015,Human infections,2,0,0
"NV, Lyon",2006,32019,Human infections and non-human activity,17,4,1
"NV, Mineral",2006,32021,Non-human activity,0,0,0
"NV, Nye",2006,32023,Human infections and non-human activity,2,2,0
"NV, Pershing",2006,32027,Human infections and non-human activity,8,0,0
"NV, Washoe",2006,32031,Human infections and non-human activity,17,7,2
"NV, White Pine",2006,32033,Non-human activity,0,0,0
"NV, Carson City",2006,32510,Human infections and non-human activity,8,1,0
"NH, Hillsborough",2006,33011,Non-human activity,0,0,0
"NH, Merrimack",2006,33013,Non-human activity,0,0,0
"NH, Rockingham",2006,33015,Non-human activity,0,0,0
"NJ, Atlantic",2006,34001,Non-human activity,0,0,0
"NJ, Bergen",2006,34003,Human infections and non-human activity,2,1,0
"NJ, Burlington",2006,34005,Non-human activity,0,0,0
"NJ, Camden",2006,34007,Non-human activity,0,0,0
"NJ, Cape May",2006,34009,Non-human activity,0,0,0
"NJ, Essex",2006,34013,Human infections and non-human activity,1,1,0
"NJ, Gloucester",2006,34015,Non-human activity,0,0,0
"NJ, Hudson",2006,34017,Non-human activity,0,0,0
"NJ, Hunterdon",2006,34019,Non-human activity,0,0,0
"NJ, Mercer",2006,34021,Non-human activity,0,0,0
"NJ, Middlesex",2006,34023,Human infections and non-human activity,1,0,0
"NJ, Monmouth",2006,34025,Non-human activity,0,0,0
"NJ, Morris",2006,34027,Non-human activity,0,0,0
"NJ, Ocean",2006,34029,Non-human activity,0,0,0
"NJ, Passaic",2006,34031,Non-human activity,0,0,0
"NJ, Salem",2006,34033,Non-human activity,0,0,0
"NJ, Somerset",2006,34035,Non-human activity,0,0,0
"NJ, Sussex",2006,34037,Non-human activity,0,0,0
"NJ, Union",2006,34039,Human infections and non-human activity,1,0,0
"NJ, Warren",2006,34041,Non-human activity,0,0,0
"NM, Bernalillo",2006,35001,Non-human activity,0,0,0
"NM, Chaves",2006,35005,Non-human activity,0,0,0
"NM, Cibola",2006,35006,Non-human activity,0,0,0
"NM, Colfax",2006,35007,Non-human activity,0,0,0
"NM, Dona Ana",2006,35013,Human infections and non-human activity,3,1,0
"NM, Luna",2006,35029,Non-human activity,0,0,0
"NM, Otero",2006,35035,Non-human activity,0,0,0
"NM, Roosevelt",2006,35041,Human infections,1,0,0
"NM, San Juan",2006,35045,Human infections and non-human activity,4,2,0
"NM, Santa Fe",2006,35049,Non-human activity,0,0,0
"NY, Albany",2006,36001,Non-human activity,0,0,0
"NY, Bronx",2006,36005,Human infections and non-human activity,1,1,0
"NY, Broome",2006,36007,Non-human activity,0,0,0
"NY, Chautauqua",2006,36013,Non-human activity,0,0,0
"NY, Clinton",2006,36019,Non-human activity,0,0,0
"NY, Columbia",2006,36021,Non-human activity,0,0,0
"NY, Cortland",2006,36023,Non-human activity,0,0,0
"NY, Dutchess",2006,36027,Non-human activity,0,0,0
"NY, Erie",2006,36029,Non-human activity,0,0,0
"NY, Fulton",2006,36035,Non-human activity,0,0,0
"NY, Herkimer",2006,36043,Non-human activity,0,0,0
"NY, Jefferson",2006,36045,Non-human activity,0,0,0
"NY, Kings",2006,36047,Human infections and non-human activity,0,0,1
"NY, Lewis",2006,36049,Non-human activity,0,0,0
"NY, Livingston",2006,36051,Non-human activity,0,0,0
"NY, Monroe",2006,36055,Non-human activity,0,0,0
"NY, Montgomery",2006,36057,Non-human activity,0,0,0
"NY, Nassau",2006,36059,Human infections and non-human activity,5,4,1
"NY, New York",2006,36061,Human infections and non-human activity,1,1,0
"NY, Niagara",2006,36063,Human infections and non-human activity,1,1,0
"NY, Onondaga",2006,36067,Human infections and non-human activity,1,0,0
"NY, Ontario",2006,36069,Non-human activity,0,0,0
"NY, Orange",2006,36071,Non-human activity,0,0,0
"NY, Orleans",2006,36073,Non-human activity,0,0,0
"NY, Oswego",2006,36075,Non-human activity,0,0,0
"NY, Otsego",2006,36077,Non-human activity,0,0,0
"NY, Putnam",2006,36079,Non-human activity,0,0,0
"NY, Queens",2006,36081,Human infections and non-human activity,2,2,0
"NY, Richmond",2006,36085,Human infections and non-human activity,8,4,0
"NY, Rockland",2006,36087,Non-human activity,0,0,0
"NY, St Lawrence",2006,36089,Non-human activity,0,0,0
"NY, Saratoga",2006,36091,Non-human activity,0,0,0
"NY, Schuyler",2006,36097,Non-human activity,0,0,0
"NY, Seneca",2006,36099,Non-human activity,0,0,0
"NY, Suffolk",2006,36103,Human infections and non-human activity,2,1,0
"NY, Sullivan",2006,36105,Non-human activity,0,0,0
"NY, Tompkins",2006,36109,Non-human activity,0,0,0
"NY, Wayne",2006,36117,Human infections and non-human activity,1,1,0
"NY, Westchester",2006,36119,Human infections and non-human activity,2,1,0
"NY, Yates",2006,36123,Non-human activity,0,0,0
"NC, Beaufort",2006,37013,Non-human activity,0,0,0
"NC, Craven",2006,37049,Non-human activity,0,0,0
"NC, Mecklenburg",2006,37119,Human infections,1,1,0
"NC, Wilkes",2006,37193,Non-human activity,0,0,0
"ND, Barnes",2006,38003,Human infections and non-human activity,1,0,0
"ND, Benson",2006,38005,Human infections,4,2,0
"ND, Bottineau",2006,38009,Human infections,1,0,1
"ND, Bowman",2006,38011,Non-human activity,0,0,0
"ND, Burke",2006,38013,Human infections,1,0,0
"ND, Burleigh",2006,38015,Human infections and non-human activity,63,1,7
"ND, Cass",2006,38017,Human infections and non-human activity,8,5,0
"ND, Cavalier",2006,38019,Human infections,1,1,0
"ND, Dickey",2006,38021,Human infections,2,0,0
"ND, Foster",2006,38031,Human infections and non-human activity,1,0,0
"ND, Grand Forks",2006,38035,Human infections and non-human activity,2,2,1
"ND, Grant",2006,38037,Human infections,1,0,0
"ND, Hettinger",2006,38041,Human infections,1,1,0
"ND, Logan",2006,38047,Human infections,1,0,0
"ND, Mchenry",2006,38049,Human infections,2,0,0
"ND, Mcintosh",2006,38051,Human infections,1,0,0
"ND, Mclean",2006,38055,Human infections,2,1,1
"ND, Mercer",2006,38057,Human infections,5,0,0
"ND, Morton",2006,38059,Human infections,14,1,0
"ND, Mountrail",2006,38061,Human infections,1,0,0
"ND, Oliver",2006,38065,Human infections,1,0,0
"ND, Ramsey",2006,38071,Human infections and non-human activity,6,0,0
"ND, Ransom",2006,38073,Human infections,2,0,0
"ND, Richland",2006,38077,Human infections,2,0,0
"ND, Sargent",2006,38081,Human infections,2,0,0
"ND, Sheridan",2006,38083,Non-human activity,0,0,0
"ND, Stark",2006,38089,Human infections and non-human activity,2,1,0
"ND, Stutsman",2006,38093,Human infections and non-human activity,4,4,0
"ND, Towner",2006,38095,Non-human activity,0,0,0
"ND, Walsh",2006,38099,Human infections,2,0,0
"ND, Ward",2006,38101,Human infections and non-human activity,1,1,1
"ND, Wells",2006,38103,Human infections,1,0,0
"ND, Williams",2006,38105,Human infections and non-human activity,2,0,0
"OH, Allen",2006,39003,Human infections and non-human activity,2,2,0
"OH, Ashland",2006,39005,Non-human activity,0,0,0
"OH, Ashtabula",2006,39007,Non-human activity,0,0,0
"OH, Auglaize",2006,39011,Human infections,1,0,0
"OH, Brown",2006,39015,Non-human activity,0,0,0
"OH, Butler",2006,39017,Human infections and non-human activity,2,2,0
"OH, Clark",2006,39023,Non-human activity,0,0,0
"OH, Cuyahoga",2006,39035,Human infections and non-human activity,9,6,0
"OH, Darke",2006,39037,Human infections and non-human activity,1,1,0
"OH, Defiance",2006,39039,Non-human activity,0,0,0
"OH, Delaware",2006,39041,Non-human activity,0,0,0
"OH, Franklin",2006,39049,Human infections and non-human activity,1,0,3
"OH, Fulton",2006,39051,Human infections and non-human activity,4,3,0
"OH, Geauga",2006,39055,Non-human activity,0,0,0
"OH, Greene",2006,39057,Human infections and non-human activity,2,1,1
"OH, Guernsey",2006,39059,Non-human activity,0,0,0
"OH, Hamilton",2006,39061,Human infections and non-human activity,1,1,1
"OH, Hancock",2006,39063,Human infections and non-human activity,2,1,0
"OH, Henry",2006,39069,Human infections and non-human activity,1,1,0
"OH, Hocking",2006,39073,Non-human activity,0,0,0
"OH, Holmes",2006,39075,Non-human activity,0,0,0
"OH, Knox",2006,39083,Human infections and non-human activity,1,1,0
"OH, Lake",2006,39085,Human infections and non-human activity,2,1,0
"OH, Licking",2006,39089,Non-human activity,0,0,0
"OH, Logan",2006,39091,Human infections and non-human activity,1,1,0
"OH, Lorain",2006,39093,Human infections and non-human activity,1,1,1
"OH, Lucas",2006,39095,Human infections and non-human activity,5,5,0
"OH, Mahoning",2006,39099,Non-human activity,0,0,0
"OH, Marion",2006,39101,Human infections and non-human activity,1,1,0
"OH, Medina",2006,39103,Human infections and non-human activity,0,0,1
"OH, Mercer",2006,39107,Non-human activity,0,0,0
"OH, Miami",2006,39109,Human infections and non-human activity,1,1,1
"OH, Monroe",2006,39111,Non-human activity,0,0,0
"OH, Montgomery",2006,39113,Human infections and non-human activity,0,0,2
"OH, Ottawa",2006,39123,Non-human activity,0,0,0
"OH, Paulding",2006,39125,Non-human activity,0,0,0
"OH, Portage",2006,39133,Human infections and non-human activity,1,1,0
"OH, Putnam",2006,39137,Non-human activity,0,0,0
"OH, Richland",2006,39139,Non-human activity,0,0,0
"OH, Sandusky",2006,39143,Non-human activity,0,0,0
"OH, Shelby",2006,39149,Human infections and non-human activity,0,0,1
"OH, Stark",2006,39151,Human infections and non-human activity,3,2,0
"OH, Summit",2006,39153,Human infections and non-human activity,0,0,1
"OH, Tuscarawas",2006,39157,Non-human activity,0,0,0
"OH, Union",2006,39159,Non-human activity,0,0,0
"OH, Vinton",2006,39163,Non-human activity,0,0,0
"OH, Wayne",2006,39169,Non-human activity,0,0,0
"OH, Williams",2006,39171,Human infections and non-human activity,1,0,0
"OH, Wood",2006,39173,Human infections and non-human activity,2,2,0
"OH, Wyandot",2006,39175,Human infections and non-human activity,3,2,0
"OK, Beaver",2006,40007,Human infections,1,1,0
"OK, Beckham",2006,40009,Human infections,1,0,0
"OK, Caddo",2006,40015,Human infections,1,1,0
"OK, Canadian",2006,40017,Human infections,2,0,0
"OK, Carter",2006,40019,Human infections and non-human activity,7,5,3
"OK, Cleveland",2006,40027,Human infections,1,1,0
"OK, Comanche",2006,40031,Human infections,2,2,7
"OK, Grady",2006,40051,Human infections,2,1,0
"OK, Jackson",2006,40065,Human infections,1,0,2
"OK, Jefferson",2006,40067,Human infections,1,1,0
"OK, Mcclain",2006,40087,Non-human activity,0,0,0
"OK, Mccurtain",2006,40089,Human infections,1,0,0
"OK, Mcintosh",2006,40091,Non-human activity,0,0,0
"OK, Marshall",2006,40095,Human infections,1,0,0
"OK, Oklahoma",2006,40109,Human infections,11,8,0
"OK, Okmulgee",2006,40111,Human infections,1,0,0
"OK, Ottawa",2006,40115,Human infections,1,1,0
"OK, Payne",2006,40119,Non-human activity,0,0,0
"OK, Pittsburg",2006,40121,Human infections and non-human activity,3,0,1
"OK, Pontotoc",2006,40123,Human infections,1,1,0
"OK, Roger Mills",2006,40129,Human infections,1,0,0
"OK, Rogers",2006,40131,Human infections,1,1,0
"OK, Stephens",2006,40137,Human infections,1,0,0
"OK, Tulsa",2006,40143,Human infections and non-human activity,5,3,0
"OK, Wagoner",2006,40145,Human infections,1,1,0
"OK, Woods",2006,40151,Human infections,1,0,0
"OR, Baker",2006,41001,Human infections and non-human activity,8,1,0
"OR, Benton",2006,41003,Non-human activity,0,0,0
"OR, Columbia",2006,41009,Non-human activity,0,0,0
"OR, Deschutes",2006,41017,Human infections,1,0,0
"OR, Grant",2006,41023,Non-human activity,0,0,0
"OR, Harney",2006,41025,Human infections and non-human activity,6,0,1
"OR, Jefferson",2006,41031,Non-human activity,0,0,0
"OR, Josephine",2006,41033,Non-human activity,0,0,0
"OR, Klamath",2006,41035,Non-human activity,0,0,0
"OR, Lake",2006,41037,Non-human activity,0,0,0
"OR, Lane",2006,41039,Non-human activity,0,0,0
"OR, Lincoln",2006,41041,Non-human activity,0,0,0
"OR, Malheur",2006,41045,Human infections and non-human activity,53,6,0
"OR, Marion",2006,41047,Non-human activity,0,0,0
"OR, Multnomah",2006,41051,Non-human activity,0,0,0
"OR, Polk",2006,41053,Non-human activity,0,0,0
"OR, Umatilla",2006,41059,Non-human activity,0,0,0
"OR, Union",2006,41061,Human infections and non-human activity,1,0,0
"OR, Wallowa",2006,41063,Non-human activity,0,0,0
"OR, Washington",2006,41067,Non-human activity,0,0,0
"OR, Yamhill",2006,41071,Non-human activity,0,0,0
"PA, Adams",2006,42001,Non-human activity,0,0,0
"PA, Allegheny",2006,42003,Non-human activity,0,0,0
"PA, Beaver",2006,42007,Non-human activity,0,0,0
"PA, Bedford",2006,42009,Non-human activity,0,0,0
"PA, Berks",2006,42011,Human infections and non-human activity,1,0,0
"PA, Blair",2006,42013,Non-human activity,0,0,0
"PA, Bucks",2006,42017,Non-human activity,0,0,0
"PA, Butler",2006,42019,Non-human activity,0,0,0
"PA, Cambria",2006,42021,Non-human activity,0,0,0
"PA, Centre",2006,42027,Non-human activity,0,0,0
"PA, Chester",2006,42029,Non-human activity,0,0,0
"PA, Clarion",2006,42031,Non-human activity,0,0,0
"PA, Clearfield",2006,42033,Non-human activity,0,0,0
"PA, Clinton",2006,42035,Non-human activity,0,0,0
"PA, Columbia",2006,42037,Non-human activity,0,0,0
"PA, Crawford",2006,42039,Non-human activity,0,0,0
"PA, Cumberland",2006,42041,Non-human activity,0,0,0
"PA, Dauphin",2006,42043,Non-human activity,0,0,0
"PA, Delaware",2006,42045,Non-human activity,0,0,0
"PA, Erie",2006,42049,Non-human activity,0,0,0
"PA, Franklin",2006,42055,Human infections and non-human activity,1,1,1
"PA, Fulton",2006,42057,Non-human activity,0,0,0
"PA, Indiana",2006,42063,Non-human activity,0,0,0
"PA, Jefferson",2006,42065,Non-human activity,0,0,0
"PA, Juniata",2006,42067,Non-human activity,0,0,0
"PA, Lackawanna",2006,42069,Human infections and non-human activity,1,1,0
"PA, Lancaster",2006,42071,Human infections and non-human activity,1,1,0
"PA, Lawrence",2006,42073,Human infections and non-human activity,1,1,0
"PA, Lebanon",2006,42075,Non-human activity,0,0,0
"PA, Lehigh",2006,42077,Non-human activity,0,0,0
"PA, Luzerne",2006,42079,Non-human activity,0,0,0
"PA, Lycoming",2006,42081,Non-human activity,0,0,0
"PA, Mercer",2006,42085,Non-human activity,0,0,0
"PA, Montgomery",2006,42091,Non-human activity,0,0,0
"PA, Montour",2006,42093,Non-human activity,0,0,0
"PA, Northampton",2006,42095,Non-human activity,0,0,0
"PA, Perry",2006,42099,Non-human activity,0,0,0
"PA, Philadelphia",2006,42101,Human infections and non-human activity,1,1,0
"PA, Pike",2006,42103,Non-human activity,0,0,0
"PA, Schuylkill",2006,42107,Non-human activity,0,0,0
"PA, Snyder",2006,42109,Non-human activity,0,0,0
"PA, Somerset",2006,42111,Non-human activity,0,0,0
"PA, Union",2006,42119,Non-human activity,0,0,0
"PA, Venango",2006,42121,Non-human activity,0,0,0
"PA, Washington",2006,42125,Non-human activity,0,0,0
"PA, Westmoreland",2006,42129,Non-human activity,0,0,0
"PA, Wyoming",2006,42131,Non-human activity,0,0,0
"PA, York",2006,42133,Human infections and non-human activity,3,3,0
"RI, Bristol",2006,44001,Non-human activity,0,0,0
"RI, Newport",2006,44005,Non-human activity,0,0,0
"RI, Providence",2006,44007,Non-human activity,0,0,0
"RI, Washington",2006,44009,Non-human activity,0,0,0
"SC, Charleston",2006,45019,Non-human activity,0,0,0
"SC, Florence",2006,45041,Non-human activity,0,0,0
"SC, Horry",2006,45051,Non-human activity,0,0,0
"SC, Orangeburg",2006,45075,Human infections,1,1,0
"SC, Richland",2006,45079,Non-human activity,0,0,0
"SD, Beadle",2006,46005,Human infections and non-human activity,2,0,0
"SD, Bon Homme",2006,46009,Human infections,1,0,0
"SD, Brookings",2006,46011,Human infections and non-human activity,6,3,1
"SD, Brown",2006,46013,Human infections and non-human activity,17,4,1
"SD, Brule",2006,46015,Human infections,1,0,0
"SD, Buffalo",2006,46017,Human infections,1,1,0
"SD, Butte",2006,46019,Human infections and non-human activity,1,0,0
"SD, Charles Mix",2006,46023,Human infections,1,1,0
"SD, Clark",2006,46025,Human infections,1,0,0
"SD, Clay",2006,46027,Human infections and non-human activity,1,0,0
"SD, Codington",2006,46029,Non-human activity,0,0,0
"SD, Davison",2006,46035,Human infections and non-human activity,2,2,0
"SD, Day",2006,46037,Human infections,2,1,0
"SD, Dewey",2006,46041,Human infections,0,0,1
"SD, Fall River",2006,46047,Human infections,1,1,0
"SD, Faulk",2006,46049,Human infections,1,1,1
"SD, Grant",2006,46051,Human infections,2,0,1
"SD, Haakon",2006,46055,Human infections,0,0,1
"SD, Hanson",2006,46061,Human infections,1,0,0
"SD, Hughes",2006,46065,Human infections and non-human activity,3,1,1
"SD, Hutchinson",2006,46067,Human infections,2,1,0
"SD, Jones",2006,46075,Human infections,2,2,0
"SD, Kingsbury",2006,46077,Human infections and non-human activity,2,0,0
"SD, Lake",2006,46079,Human infections,6,2,0
"SD, Lawrence",2006,46081,Human infections,1,0,0
"SD, Lincoln",2006,46083,Human infections and non-human activity,3,1,1
"SD, Lyman",2006,46085,Human infections,1,0,1
"SD, Mccook",2006,46087,Human infections,2,1,0
"SD, Marshall",2006,46091,Human infections,6,2,1
"SD, Meade",2006,46093,Human infections,2,1,0
"SD, Mellette",2006,46095,Human infections,1,0,0
"SD, Minnehaha",2006,46099,Human infections and non-human activity,10,5,1
"SD, Moody",2006,46101,Human infections,1,0,0
"SD, Oglala Lakota County",2006,46102,Human infections and non-human activity,1,1,0
"SD, Pennington",2006,46103,Human infections and non-human activity,3,1,1
"SD, Potter",2006,46107,Human infections,1,1,0
"SD, Roberts",2006,46109,Human infections and non-human activity,4,0,0
"SD, Spink",2006,46115,Human infections and non-human activity,2,1,0
"SD, Sully",2006,46119,Human infections,1,0,0
"SD, Todd",2006,46121,Human infections and non-human activity,1,1,0
"SD, Tripp",2006,46123,Human infections,3,1,0
"SD, Turner",2006,46125,Human infections and non-human activity,6,2,0
"SD, Union",2006,46127,Human infections,2,0,0
"SD, Yankton",2006,46135,Human infections,3,0,0
"SD, Ziebach",2006,46137,Human infections,3,0,0
"TN, Davidson",2006,47037,Human infections and non-human activity,1,1,0
"TN, Dyer",2006,47045,Human infections,1,0,0
"TN, Franklin",2006,47051,Non-human activity,0,0,0
"TN, Gibson",2006,47053,Human infections,1,1,0
"TN, Haywood",2006,47075,Human infections and non-human activity,1,0,0
"TN, Lake",2006,47095,Human infections,1,1,0
"TN, Loudon",2006,47105,Non-human activity,0,0,0
"TN, Madison",2006,47113,Non-human activity,0,0,0
"TN, Montgomery",2006,47125,Human infections,1,1,0
"TN, Obion",2006,47131,Human infections and non-human activity,1,1,0
"TN, Roane",2006,47145,Non-human activity,0,0,0
"TN, Robertson",2006,47147,Non-human activity,0,0,0
"TN, Rutherford",2006,47149,Human infections,1,1,0
"TN, Sevier",2006,47155,Non-human activity,0,0,0
"TN, Shelby",2006,47157,Human infections and non-human activity,14,10,0
"TN, Tipton",2006,47167,Non-human activity,0,0,0
"TX, Anderson",2006,48001,Human infections,1,1,0
"TX, Andrews",2006,48003,Human infections and non-human activity,2,1,0
"TX, Angelina",2006,48005,Human infections and non-human activity,6,5,1
"TX, Aransas",2006,48007,Non-human activity,0,0,0
"TX, Bailey",2006,48017,Human infections,1,1,0
"TX, Bastrop",2006,48021,Human infections and non-human activity,1,0,0
"TX, Bee",2006,48025,Human infections,0,0,1
"TX, Bell",2006,48027,Human infections and non-human activity,1,0,0
"TX, Bowie",2006,48037,Human infections and non-human activity,1,1,0
"TX, Brazoria",2006,48039,Non-human activity,0,0,0
"TX, Brazos",2006,48041,Human infections and non-human activity,14,7,1
"TX, Brown",2006,48049,Non-human activity,0,0,0
"TX, Burleson",2006,48051,Human infections,1,0,0
"TX, Burnet",2006,48053,Non-human activity,0,0,0
"TX, Callahan",2006,48059,Non-human activity,0,0,0
"TX, Cameron",2006,48061,Human infections,3,1,0
"TX, Camp",2006,48063,Non-human activity,0,0,0
"TX, Castro",2006,48069,Human infections,1,0,0
"TX, Chambers",2006,48071,Human infections,0,0,1
"TX, Cherokee",2006,48073,Non-human activity,0,0,0
"TX, Childress",2006,48075,Non-human activity,0,0,0
"TX, Collin",2006,48085,Human infections and non-human activity,12,10,3
"TX, Comanche",2006,48093,Human infections and non-human activity,1,1,0
"TX, Cooke",2006,48097,Human infections,1,1,0
"TX, Coryell",2006,48099,Non-human activity,0,0,0
"TX, Dallas",2006,48113,Human infections and non-human activity,81,59,3
"TX, Denton",2006,48121,Human infections and non-human activity,5,2,1
"TX, Donley",2006,48129,Human infections,2,2,0
"TX, Ellis",2006,48139,Non-human activity,0,0,0
"TX, El Paso",2006,48141,Human infections and non-human activity,15,9,1
"TX, Falls",2006,48145,Non-human activity,0,0,0
"TX, Fannin",2006,48147,Non-human activity,0,0,0
"TX, Fayette",2006,48149,Non-human activity,0,0,0
"TX, Fort Bend",2006,48157,Human infections and non-human activity,2,1,0
"TX, Franklin",2006,48159,Human infections and non-human activity,0,0,2
"TX, Freestone",2006,48161,Human infections and non-human activity,2,2,0
"TX, Galveston",2006,48167,Human infections and non-human activity,2,2,1
"TX, Grayson",2006,48181,Human infections and non-human activity,0,0,1
"TX, Gregg",2006,48183,Non-human activity,0,0,0
"TX, Grimes",2006,48185,Non-human activity,0,0,0
"TX, Hale",2006,48189,Human infections and non-human activity,3,1,0
"TX, Hansford",2006,48195,Human infections and non-human activity,1,1,0
"TX, Hardin",2006,48199,Human infections and non-human activity,0,0,2
"TX, Harris",2006,48201,Human infections and non-human activity,54,36,7
"TX, Harrison",2006,48203,Non-human activity,0,0,0
"TX, Hays",2006,48209,Non-human activity,0,0,0
"TX, Henderson",2006,48213,Non-human activity,0,0,0
"TX, Hidalgo",2006,48215,Human infections,2,2,0
"TX, Hill",2006,48217,Human infections and non-human activity,1,1,0
"TX, Hopkins",2006,48223,Non-human activity,0,0,0
"TX, Houston",2006,48225,Non-human activity,0,0,0
"TX, Hunt",2006,48231,Human infections and non-human activity,2,2,0
"TX, Jack",2006,48237,Human infections,1,1,0
"TX, Jasper",2006,48241,Non-human activity,0,0,0
"TX, Jefferson",2006,48245,Human infections and non-human activity,20,14,0
"TX, Jones",2006,48253,Human infections,1,0,0
"TX, Kaufman",2006,48257,Human infections,2,2,0
"TX, King",2006,48269,Human infections,1,1,0
"TX, Lamar",2006,48277,Human infections,1,1,0
"TX, Lamb",2006,48279,Human infections,3,1,0
"TX, Lampasas",2006,48281,Non-human activity,0,0,0
"TX, Lee",2006,48287,Non-human activity,0,0,0
"TX, Leon",2006,48289,Non-human activity,0,0,0
"TX, Liberty",2006,48291,Human infections,1,1,0
"TX, Limestone",2006,48293,Human infections and non-human activity,1,1,0
"TX, Lubbock",2006,48303,Human infections and non-human activity,5,4,0
"TX, Mclennan",2006,48309,Human infections and non-human activity,4,4,0
"TX, Madison",2006,48313,Non-human activity,0,0,0
"TX, Matagorda",2006,48321,Non-human activity,0,0,0
"TX, Midland",2006,48329,Human infections,1,0,0
"TX, Montague",2006,48337,Non-human activity,0,0,0
"TX, Montgomery",2006,48339,Human infections and non-human activity,12,10,0
"TX, Nacogdoches",2006,48347,Human infections and non-human activity,0,0,1
"TX, Navarro",2006,48349,Human infections,1,0,0
"TX, Nolan",2006,48353,Human infections,0,0,1
"TX, Nueces",2006,48355,Human infections and non-human activity,21,10,2
"TX, Orange",2006,48361,Human infections and non-human activity,7,3,1
"TX, Parmer",2006,48369,Human infections,1,1,0
"TX, Polk",2006,48373,Non-human activity,0,0,0
"TX, Potter",2006,48375,Human infections,0,0,1
"TX, Randall",2006,48381,Non-human activity,0,0,0
"TX, Robertson",2006,48395,Non-human activity,0,0,0
"TX, Rusk",2006,48401,Non-human activity,0,0,0
"TX, San Patricio",2006,48409,Human infections,4,2,0
"TX, San Saba",2006,48411,Non-human activity,0,0,0
"TX, Scurry",2006,48415,Human infections,1,1,0
"TX, Smith",2006,48423,Non-human activity,0,0,0
"TX, Sterling",2006,48431,Human infections,1,1,0
"TX, Tarrant",2006,48439,Human infections and non-human activity,38,19,2
"TX, Taylor",2006,48441,Human infections and non-human activity,3,3,0
"TX, Titus",2006,48449,Human infections,2,1,0
"TX, Travis",2006,48453,Human infections and non-human activity,1,1,2
"TX, Trinity",2006,48455,Non-human activity,0,0,0
"TX, Upshur",2006,48459,Non-human activity,0,0,0
"TX, Van Zandt",2006,48467,Human infections,1,1,0
"TX, Victoria",2006,48469,Human infections,1,1,0
"TX, Walker",2006,48471,Non-human activity,0,0,0
"TX, Waller",2006,48473,Non-human activity,0,0,0
"TX, Washington",2006,48477,Human infections and non-human activity,1,0,1
"TX, Wharton",2006,48481,Non-human activity,0,0,0
"TX, Williamson",2006,48491,Non-human activity,0,0,0
"TX, Wood",2006,48499,Non-human activity,0,0,0
"UT, Box Elder",2006,49003,Human infections and non-human activity,1,0,0
"UT, Cache",2006,49005,Human infections and non-human activity,2,0,0
"UT, Carbon",2006,49007,Human infections and non-human activity,3,1,0
"UT, Davis",2006,49011,Human infections and non-human activity,11,4,2
"UT, Duchesne",2006,49013,Human infections and non-human activity,3,1,0
"UT, Emery",2006,49015,Non-human activity,0,0,0
"UT, Grand",2006,49019,Non-human activity,0,0,0
"UT, Iron",2006,49021,Human infections,1,0,0
"UT, Juab",2006,49023,Human infections and non-human activity,1,0,0
"UT, Millard",2006,49027,Non-human activity,0,0,0
"UT, Salt Lake",2006,49035,Human infections and non-human activity,57,23,9
"UT, Summit",2006,49043,Non-human activity,0,0,0
"UT, Tooele",2006,49045,Human infections and non-human activity,3,2,1
"UT, Uintah",2006,49047,Human infections and non-human activity,1,0,0
"UT, Utah",2006,49049,Human infections and non-human activity,65,23,10
"UT, Wasatch",2006,49051,Non-human activity,0,0,0
"UT, Washington",2006,49053,Human infections and non-human activity,0,0,1
"UT, Weber",2006,49057,Human infections and non-human activity,10,2,1
"VT, Addison",2006,50001,Non-human activity,0,0,0
"VT, Chittenden",2006,50007,Non-human activity,0,0,0
"VA, Arlington",2006,51013,Non-human activity,0,0,0
"VA, Augusta",2006,51015,Non-human activity,0,0,0
"VA, Fairfax",2006,51059,Human infections and non-human activity,3,0,2
"VA, Henrico",2006,51087,Non-human activity,0,0,0
"VA, Loudoun",2006,51107,Human infections and non-human activity,1,0,0
"VA, Prince William",2006,51153,Human infections and non-human activity,1,0,0
"VA, Stafford",2006,51179,Human infections,0,0,1
"VA, Alexandria City",2006,51510,Non-human activity,0,0,0
"VA, Chesapeake City",2006,51550,Non-human activity,0,0,0
"VA, Petersburg City",2006,51730,Non-human activity,0,0,0
"VA, Richmond City",2006,51760,Non-human activity,0,0,0
"VA, Suffolk City",2006,51800,Non-human activity,0,0,0
"VA, Virginia Beach City",2006,51810,Human infections and non-human activity,0,0,2
"WA, Clark",2006,53011,Human infections,1,0,0
"WA, Cowlitz",2006,53015,Non-human activity,0,0,0
"WA, Island",2006,53029,Non-human activity,0,0,0
"WA, King",2006,53033,Non-human activity,0,0,0
"WA, Pierce",2006,53053,Human infections,2,0,0
"WA, Snohomish",2006,53061,Non-human activity,0,0,0
"WA, Yakima",2006,53077,Non-human activity,0,0,0
"WV, Greenbrier",2006,54025,Non-human activity,0,0,0
"WV, Kanawha",2006,54039,Human infections,1,1,0
"WV, Lincoln",2006,54043,Non-human activity,0,0,0
"WV, Mercer",2006,54055,Non-human activity,0,0,0
"WI, Adams",2006,55001,Non-human activity,0,0,0
"WI, Ashland",2006,55003,Non-human activity,0,0,0
"WI, Barron",2006,55005,Non-human activity,0,0,0
"WI, Brown",2006,55009,Human infections and non-human activity,1,0,1
"WI, Calumet",2006,55015,Non-human activity,0,0,0
"WI, Chippewa",2006,55017,Non-human activity,0,0,0
"WI, Clark",2006,55019,Non-human activity,0,0,0
"WI, Columbia",2006,55021,Non-human activity,0,0,0
"WI, Dane",2006,55025,Human infections and non-human activity,3,1,3
"WI, Dodge",2006,55027,Non-human activity,0,0,0
"WI, Door",2006,55029,Non-human activity,0,0,0
"WI, Douglas",2006,55031,Non-human activity,0,0,0
"WI, Dunn",2006,55033,Non-human activity,0,0,0
"WI, Eau Claire",2006,55035,Non-human activity,0,0,0
"WI, Fond Du Lac",2006,55039,Human infections and non-human activity,1,1,0
"WI, Forest",2006,55041,Non-human activity,0,0,0
"WI, Grant",2006,55043,Human infections and non-human activity,2,1,1
"WI, Green",2006,55045,Non-human activity,0,0,0
"WI, Iowa",2006,55049,Human infections,1,1,0
"WI, Iron",2006,55051,Non-human activity,0,0,0
"WI, Jackson",2006,55053,Non-human activity,0,0,0
"WI, Jefferson",2006,55055,Human infections and non-human activity,0,0,1
"WI, Juneau",2006,55057,Non-human activity,0,0,0
"WI, Kenosha",2006,55059,Non-human activity,0,0,0
"WI, Kewaunee",2006,55061,Non-human activity,0,0,0
"WI, La Crosse",2006,55063,Human infections and non-human activity,1,1,1
"WI, Langlade",2006,55067,Non-human activity,0,0,0
"WI, Lincoln",2006,55069,Non-human activity,0,0,0
"WI, Manitowoc",2006,55071,Human infections and non-human activity,1,0,0
"WI, Marathon",2006,55073,Non-human activity,0,0,0
"WI, Marinette",2006,55075,Non-human activity,0,0,0
"WI, Marquette",2006,55077,Non-human activity,0,0,0
"WI, Milwaukee",2006,55079,Human infections and non-human activity,5,4,0
"WI, Monroe",2006,55081,Non-human activity,0,0,0
"WI, Oconto",2006,55083,Non-human activity,0,0,0
"WI, Oneida",2006,55085,Non-human activity,0,0,0
"WI, Outagamie",2006,55087,Non-human activity,0,0,0
"WI, Ozaukee",2006,55089,Non-human activity,0,0,0
"WI, Pepin",2006,55091,Non-human activity,0,0,0
"WI, Polk",2006,55095,Non-human activity,0,0,0
"WI, Portage",2006,55097,Human infections and non-human activity,1,0,0
"WI, Price",2006,55099,Non-human activity,0,0,0
"WI, Racine",2006,55101,Non-human activity,0,0,0
"WI, Rock",2006,55105,Human infections and non-human activity,1,0,1
"WI, Rusk",2006,55107,Human infections,1,0,0
"WI, St Croix",2006,55109,Non-human activity,0,0,0
"WI, Sauk",2006,55111,Non-human activity,0,0,0
"WI, Sawyer",2006,55113,Non-human activity,0,0,0
"WI, Shawano",2006,55115,Human infections,1,1,0
"WI, Sheboygan",2006,55117,Human infections and non-human activity,0,0,1
"WI, Taylor",2006,55119,Human infections and non-human activity,0,0,1
"WI, Trempealeau",2006,55121,Non-human activity,0,0,0
"WI, Vilas",2006,55125,Non-human activity,0,0,0
"WI, Walworth",2006,55127,Human infections and non-human activity,1,1,0
"WI, Washburn",2006,55129,Non-human activity,0,0,0
"WI, Washington",2006,55131,Non-human activity,0,0,0
"WI, Waukesha",2006,55133,Non-human activity,0,0,0
"WI, Waupaca",2006,55135,Non-human activity,0,0,0
"WI, Waushara",2006,55137,Non-human activity,0,0,0
"WI, Winnebago",2006,55139,Human infections and non-human activity,1,0,0
"WI, Wood",2006,55141,Non-human activity,0,0,0
"WY, Big Horn",2006,56003,Human infections and non-human activity,3,1,0
"WY, Campbell",2006,56005,Non-human activity,0,0,0
"WY, Fremont",2006,56013,Human infections and non-human activity,44,9,0
"WY, Goshen",2006,56015,Human infections and non-human activity,10,3,0
"WY, Hot Springs",2006,56017,Non-human activity,0,0,0
"WY, Laramie",2006,56021,Human infections,1,0,0
"WY, Lincoln",2006,56023,Human infections,1,0,0
"WY, Natrona",2006,56025,Human infections and non-human activity,1,0,1
"WY, Park",2006,56029,Non-human activity,0,0,0
"WY, Platte",2006,56031,Human infections,3,1,0
"WY, Sweetwater",2006,56037,Non-human activity,0,0,0
"WY, Washakie",2006,56043,Human infections,2,1,0